Name,contact_name,Email,street,suburb,state,postcode,phone
The Stubby Club,Dean Snoxell,,16 Bayport Ct,Mornington,Victoria,3931,
AWN rosebud,Corey Simmons,corey.simmons@mmem.com.au,"unit 4/204 Boneo Rd,",Rosebud,Victoria,3939,427815490
Peco Technologies Pty Ltd,Colin Whit,colin@pecotech.com.au,43 Airlie Road,Montmorency,Victoria,3094,
Jake Engineering,Ian Jack,,7 Wallis Drive,Hastings,Victoria,3915,418990110
Madame tiger,Laura Hindson,Laura@madametiger.com,1/10  Gateway Dr,Carrum Downs,Victoria,3201,449851500
Faceys Nursery,Micheal Hodges,admin@faceysnursery.com.au,1870 South Gippsland Highway,Devon Meadows,Victoria,3977,(03) 5996 1466
Mega Joist,Darren Hercus,,58 Collins Road,Dromana,Victoria,3936,
Super Safe Hire,Nick Van Zeyl,nickv@supersafehire.com.au,9 Cannery Court,Tyabb,Victoria,3913,400622292
JHP laser works,,sales@jhplaserworks.com.au,44 Watt Rd,Mornington,Victoria,3931,497025012
MY Marine,,,100 Nepean Hwy,Dromana,Victoria,3936,
Hillview Quarry,Simon,,Hillview Quarry Drive,Dromana,Victoria,3936,439427366
Bundameer nursary,Warwick,,218 Coolart Rd,Moorooduc,Victoria,3933,0437 458 147
Merricks estate,Mave,,97 Thompsons Ln,Merricks,Victoria,3916,425869214
Provicia,Pat,,3 154 Marine Dr,Safety Beach,Victoria,3936,
Pinecliff,Jack Evans,jack@pinecliff.net.au,55-75 Sunnyside Road,Mount Eliza,Victoria,3930,0436 343 484
Montalto Winery,Cameron,,29 Tubbarubba Road,Merricks North,Victoria,3926,
Combined Steel Solutions,Ross,ross@combinedss.com.au,1b Wallis Drive,Hastings,Victoria,3915,0405 294 526
Peninsula Timber & Hardware,Ben,accounts@peninsulatimber.com.au,3 Colchester Road,Rosebud,Victoria,3939,
Mr.gasman,,,3 Bruce St,Mornington,Victoria,3931,
Modular Components & Automation,Ross Kenneally,ross@mcanda.com.au,1/16 Monterey Road,Dandenong South,Victoria,3175,03 9706 4601
Vicscaff,Kevin,,14  Guelph St,Somerville,Victoria,3912,484313666
Jetty Road Brewery,Sean Varley,info@jettyroaddromana.com.au,12-14 Brasser Avenue,Dromana,Victoria,3936,
Wine Lovers Warehouse,David Starbuck,,5/3 Trewhitt Court,Dromana,Victoria,3936,438884565
The Vegan Dairy,Jake,info@thevegandairy.com.au,2/11 Trewhitt Court,Dromana,Victoria,3936,423247778
Homestead Cabinets and Furniture,Matt Commer,,1/58 Collins Road,Dromana,Victoria,3936,418345360
CEYLANBAS NO 4 PTY LTD,,hulya@attila.com.au,808 Moorooduc Highway,Mornington,Victoria,3931,
Red Hill Country Gates,Gabby,sales@gates.net.au,46 Collins Road,Dromana,Victoria,3936,03 59872443
Burns and son,Mark Burns,,14  Thomson Terrace,Dromana,Victoria,3936,0418 333 659
Jack Engineering,,,7 Wallis Drive,Hastings,Victoria,3915,
Bartec Pty Ltd,Rick Monteith,bartec@bartec.com.au,11 Hi-Tech Place,Seaford,Victoria,3198,0408 101 111
Southern Advanced Plants,Emma Wilson,accounts@southernplants.com.au,163 Nepean Highway,Dromana,Victoria,3936,(03) 5987 2200
Plant Access,Cameron Koczak,accounts@plantaccess.com.au,45 Madden Road,Heatherton,Victoria,3202,
Combi guy,Tom,,17 Glendale Ave,Hastings,Victoria,3915,
AWN,Cameron Koczak,,Pine Lane,Heatherton,Victoria,3202,