"#01,391 EVO,H2X391V02596,Linde,,,Plant Access",,,,,,
"#02,391 EVO,H2X391V02682,Linde,,,Plant Access",,,,,,
"#03,391 EVO,H2X391V02461,Linde,,,Plant Access",,,,,,
"#04,391 EVO,H2X391V02633,Linde,,,Plant Access",,,,,,
"#05,391 EVO,H2X391V02669,Linde,,,Plant Access",,,,,,
"#06,391 EVO,H2X391V02463,Linde,,,Plant Access",,,,,,
"#07,391 EVO,H2X391V02454,Linde,,,Plant Access",,,,,,
"#08,391 EVO,H2X391V02604,Linde,,,Plant Access",,,,,,
"#09,391 EVO,H2X391V02590,Linde,,,Plant Access",,,,,,
"#10,391 EVO,H2X391V02667,Linde,,,Plant Access",,,,,,
"#11,391 EVO,H2X391V02588,Linde,,,Plant Access",,,,,,
"#12,391 EVO,H2X391V02638,Linde,,,Plant Access",,,,,,
"#13,391 EVO,H2X391V02450,Linde,,,Plant Access",,,,,,
"#14,391 EVO,H2X391V02636,Linde,,,Plant Access",,,,,,
"#15,391 EVO,H2X391V02457,Linde,,,Plant Access",,,,,,
"#16,391 EVO,H2X391V02467,Linde,,,Plant Access",,,,,,
"#17,391 EVO,H2X391V02445,Linde,,,Plant Access",,,,,,
"#18,,NF-01229,Crown	Plant Access",,,,,,
"#19,V08,W41110G00022,Linde,,,Plant Access",,,,,,
"#20,V08,W41110D00292 ,Linde,,,Plant Access",,,,,,
"#21,351,C1X350B00365,Linde,,,Plant Access",,,,,,